{"cameraMode":{"drawMode":0,"name":"Shaded","section":"Shading Mode"},"sceneLighting":true,"audioPlay":false,"sceneViewState":{"showFog":true,"showMaterialUpdate":true,"showSkybox":true,"showFlares":true,"showImageEffects":true,"showParticleSystems":true},"in2DMode":false,"pivot":{"x":-0.07388496398925781,"y":5.298127174377441,"z":-4.881274700164795},"rotation":{"x":-0.06102875992655754,"y":-0.7431038022041321,"z":0.06841697543859482,"w":-0.6628700494766235},"size":10.353299140930176,"orthographic":false}