{"cameraMode":{"drawMode":0,"name":"Shaded","section":"Shading Mode"},"sceneLighting":true,"audioPlay":false,"sceneViewState":{"showFog":true,"showMaterialUpdate":true,"showSkybox":true,"showFlares":true,"showImageEffects":true,"showParticleSystems":true},"in2DMode":false,"pivot":{"x":1.412724256515503,"y":0.7183464169502258,"z":-3.386209726333618},"rotation":{"x":0.07802246510982514,"y":0.7802929282188416,"z":-0.09893828630447388,"w":0.6129463315010071},"size":6.926502227783203,"orthographic":false}