{"cameraMode":{"drawMode":0,"name":"Shaded","section":"Shading Mode"},"sceneLighting":false,"audioPlay":false,"sceneViewState":{"showFog":true,"showMaterialUpdate":true,"showSkybox":true,"showFlares":true,"showImageEffects":true,"showParticleSystems":true},"in2DMode":false,"pivot":{"x":-7.273890018463135,"y":0.5512790679931641,"z":1.4322620630264283},"rotation":{"x":-0.3383530080318451,"y":-0.4883791208267212,"z":0.21301080286502839,"w":-0.7756804823875427},"size":10.977330207824707,"orthographic":false}