{"cameraMode":{"drawMode":0,"name":"Shaded","section":"Shading Mode"},"sceneLighting":true,"audioPlay":false,"sceneViewState":{"showFog":true,"showMaterialUpdate":true,"showSkybox":true,"showFlares":true,"showImageEffects":true,"showParticleSystems":true},"in2DMode":false,"pivot":{"x":-6.070121765136719,"y":1.9283345937728882,"z":-0.3834562301635742},"rotation":{"x":-0.01717664860188961,"y":-0.7493188977241516,"z":0.019263310357928277,"w":-0.661889374256134},"size":7.317375659942627,"orthographic":false}