{"cameraMode":{"drawMode":0,"name":"Shaded","section":"Shading Mode"},"sceneLighting":true,"audioPlay":false,"sceneViewState":{"showFog":true,"showMaterialUpdate":true,"showSkybox":true,"showFlares":true,"showImageEffects":true,"showParticleSystems":true},"in2DMode":false,"pivot":{"x":-1.838773250579834,"y":1.8165769577026368,"z":0.46781423687934878},"rotation":{"x":-0.05439966171979904,"y":-0.704317033290863,"z":0.05413024127483368,"w":-0.705892026424408},"size":7.317289352416992,"orthographic":false}