{"cameraMode":{"drawMode":0,"name":"Shaded","section":"Shading Mode"},"sceneLighting":true,"audioPlay":false,"sceneViewState":{"showFog":true,"showMaterialUpdate":true,"showSkybox":true,"showFlares":true,"showImageEffects":true,"showParticleSystems":true},"in2DMode":false,"pivot":{"x":4.58730411529541,"y":7.018274784088135,"z":-0.7129802703857422},"rotation":{"x":-0.10689502954483032,"y":-0.6257438063621521,"z":0.08709335327148438,"w":-0.7678837776184082},"size":21.038904190063478,"orthographic":false}