{"cameraMode":{"drawMode":0,"name":"Shaded","section":"Shading Mode"},"sceneLighting":true,"audioPlay":false,"sceneViewState":{"showFog":true,"showMaterialUpdate":true,"showSkybox":true,"showFlares":true,"showImageEffects":true,"showParticleSystems":true},"in2DMode":false,"pivot":{"x":31.41489028930664,"y":7.725879192352295,"z":1.2690184116363526},"rotation":{"x":-0.020315365865826608,"y":-0.6691078543663025,"z":0.018249226734042169,"w":-0.7428038716316223},"size":50.75403594970703,"orthographic":false}