{"cameraMode":{"drawMode":0,"name":"Shaded","section":"Shading Mode"},"sceneLighting":true,"audioPlay":false,"sceneViewState":{"showFog":true,"showMaterialUpdate":true,"showSkybox":true,"showFlares":true,"showImageEffects":true,"showParticleSystems":true},"in2DMode":false,"pivot":{"x":-7.868560314178467,"y":2.0142202377319338,"z":6.396670341491699},"rotation":{"x":0.0945688858628273,"y":0.05748613178730011,"z":-0.004719911143183708,"w":0.9940258860588074},"size":10.391273498535157,"orthographic":false}