{"cameraMode":{"drawMode":0,"name":"Shaded","section":"Shading Mode"},"sceneLighting":true,"audioPlay":false,"sceneViewState":{"showFog":true,"showMaterialUpdate":true,"showSkybox":true,"showFlares":true,"showImageEffects":true,"showParticleSystems":true},"in2DMode":false,"pivot":{"x":16.1353759765625,"y":-0.7747663259506226,"z":-0.053618330508470538},"rotation":{"x":-0.19695375859737397,"y":-0.6449548006057739,"z":0.17568087577819825,"w":-0.7175883650779724},"size":19.582857131958009,"orthographic":false}