{"cameraMode":{"drawMode":0,"name":"Shaded","section":"Shading Mode"},"sceneLighting":true,"audioPlay":false,"sceneViewState":{"showFog":true,"showMaterialUpdate":true,"showSkybox":true,"showFlares":true,"showImageEffects":true,"showParticleSystems":true},"in2DMode":false,"pivot":{"x":3.7104244232177736,"y":-0.8351778984069824,"z":1.893723964691162},"rotation":{"x":0.15888135135173798,"y":0.5666096210479736,"z":-0.11153088510036469,"w":0.801112174987793},"size":13.977574348449707,"orthographic":false}