{"cameraMode":{"drawMode":0,"name":"Shaded","section":"Shading Mode"},"sceneLighting":true,"audioPlay":false,"sceneViewState":{"showFog":true,"showMaterialUpdate":true,"showSkybox":true,"showFlares":true,"showImageEffects":true,"showParticleSystems":true},"in2DMode":false,"pivot":{"x":1.9708442687988282,"y":-1.693486213684082,"z":-2.8854732513427736},"rotation":{"x":0.13730275630950929,"y":0.021744471043348314,"z":-0.0019366187043488026,"w":0.9905784130096436},"size":40.805667877197269,"orthographic":false}