{"cameraMode":{"drawMode":0,"name":"Shaded","section":"Shading Mode"},"sceneLighting":false,"audioPlay":false,"sceneViewState":{"showFog":true,"showMaterialUpdate":true,"showSkybox":true,"showFlares":true,"showImageEffects":true,"showParticleSystems":true},"in2DMode":false,"pivot":{"x":5.530429840087891,"y":-2.4547624588012697,"z":0.07669970393180847},"rotation":{"x":-0.1395045518875122,"y":-0.6971940994262695,"z":0.14118976891040803,"w":-0.6888693571090698},"size":20.147180557250978,"orthographic":false}