{"cameraMode":{"drawMode":0,"name":"Shaded","section":"Shading Mode"},"sceneLighting":true,"audioPlay":false,"sceneViewState":{"showFog":true,"showMaterialUpdate":true,"showSkybox":true,"showFlares":true,"showImageEffects":true,"showParticleSystems":true},"in2DMode":false,"pivot":{"x":3.341916084289551,"y":-0.07161211967468262,"z":-4.0644121170043949},"rotation":{"x":-0.08376337587833405,"y":-0.7480982542037964,"z":0.09608668088912964,"w":-0.6513447761535645},"size":15.082655906677246,"orthographic":false}