{"cameraMode":{"drawMode":0,"name":"Shaded","section":"Shading Mode"},"sceneLighting":true,"audioPlay":false,"sceneViewState":{"showFog":true,"showMaterialUpdate":true,"showSkybox":true,"showFlares":true,"showImageEffects":true,"showParticleSystems":true},"in2DMode":false,"pivot":{"x":0.6063785552978516,"y":2.5614066123962404,"z":7.136865615844727},"rotation":{"x":-0.09749696403741837,"y":-0.4979011118412018,"z":0.056296493858098987,"w":-0.860034167766571},"size":22.22943115234375,"orthographic":false}