{"cameraMode":{"drawMode":0,"name":"Shaded","section":"Shading Mode"},"sceneLighting":true,"audioPlay":false,"sceneViewState":{"showFog":true,"showMaterialUpdate":true,"showSkybox":true,"showFlares":true,"showImageEffects":true,"showParticleSystems":true},"in2DMode":false,"pivot":{"x":10.961119651794434,"y":-3.1321654319763185,"z":-2.096588134765625},"rotation":{"x":0.17242464423179627,"y":0.6811753511428833,"z":-0.16835008561611176,"w":0.6917107105255127},"size":15.318562507629395,"orthographic":false}