{"cameraMode":{"drawMode":0,"name":"Shaded","section":"Shading Mode"},"sceneLighting":true,"audioPlay":false,"sceneViewState":{"showFog":true,"showMaterialUpdate":true,"showSkybox":true,"showFlares":true,"showImageEffects":true,"showParticleSystems":true},"in2DMode":false,"pivot":{"x":-1.2721319198608399,"y":-0.2757148742675781,"z":-0.9243193864822388},"rotation":{"x":-0.12168063223361969,"y":-0.6337484121322632,"z":0.10179071128368378,"w":-0.7571439743041992},"size":10.062369346618653,"orthographic":false}