{"cameraMode":{"drawMode":0,"name":"Shaded","section":"Shading Mode"},"sceneLighting":true,"audioPlay":false,"sceneViewState":{"showFog":true,"showMaterialUpdate":true,"showSkybox":true,"showFlares":true,"showImageEffects":true,"showParticleSystems":true},"in2DMode":false,"pivot":{"x":0.21428966522216798,"y":0.9763144254684448,"z":3.52061128616333},"rotation":{"x":-0.10191215574741364,"y":-0.4226458966732025,"z":0.04784473404288292,"w":-0.8994203209877014},"size":12.48775863647461,"orthographic":false}