{"cameraMode":{"drawMode":0,"name":"Shaded","section":"Shading Mode"},"sceneLighting":true,"audioPlay":false,"sceneViewState":{"showFog":true,"showMaterialUpdate":true,"showSkybox":true,"showFlares":true,"showImageEffects":true,"showParticleSystems":true},"in2DMode":false,"pivot":{"x":-10.664236068725586,"y":0.6137895584106445,"z":3.340796709060669},"rotation":{"x":-0.10877383500337601,"y":0.7114333510398865,"z":-0.11347515136003494,"w":-0.6852630972862244},"size":8.486339569091797,"orthographic":false}