{"cameraMode":{"drawMode":0,"name":"Shaded","section":"Shading Mode"},"sceneLighting":true,"audioPlay":false,"sceneViewState":{"showFog":true,"showMaterialUpdate":true,"showSkybox":true,"showFlares":true,"showImageEffects":true,"showParticleSystems":true},"in2DMode":false,"pivot":{"x":-9.371688842773438,"y":2.4944727420806886,"z":0.9382372498512268},"rotation":{"x":-0.031206443905830385,"y":-0.707869291305542,"z":0.030739029869437219,"w":-0.7051931619644165},"size":6.67517614364624,"orthographic":false}