{"cameraMode":{"drawMode":0,"name":"Shaded","section":"Shading Mode"},"sceneLighting":true,"audioPlay":false,"sceneViewState":{"showFog":true,"showMaterialUpdate":true,"showSkybox":true,"showFlares":true,"showImageEffects":true,"showParticleSystems":true},"in2DMode":false,"pivot":{"x":3.606710433959961,"y":-3.3093159198760988,"z":1.2099390029907227},"rotation":{"x":-0.20313604176044465,"y":-0.6574618220329285,"z":0.19065947830677033,"w":-0.7001983523368836},"size":13.611706733703614,"orthographic":false}