{"cameraMode":{"drawMode":0,"name":"Shaded","section":"Shading Mode"},"sceneLighting":true,"audioPlay":false,"sceneViewState":{"showFog":true,"showMaterialUpdate":true,"showSkybox":true,"showFlares":true,"showImageEffects":true,"showParticleSystems":true},"in2DMode":false,"pivot":{"x":11.84268569946289,"y":-0.6928395628929138,"z":-11.067011833190918},"rotation":{"x":-0.05134544149041176,"y":-0.8757917284965515,"z":0.09312471747398377,"w":-0.47142258286476138},"size":24.710023880004884,"orthographic":false}