{"cameraMode":{"drawMode":0,"name":"Shaded","section":"Shading Mode"},"sceneLighting":true,"audioPlay":false,"sceneViewState":{"showFog":true,"showMaterialUpdate":true,"showSkybox":true,"showFlares":true,"showImageEffects":true,"showParticleSystems":true},"in2DMode":false,"pivot":{"x":0.8728899955749512,"y":2.440124273300171,"z":0.12882542610168458},"rotation":{"x":0.06572294980287552,"y":0.5721738934516907,"z":-0.04515794292092323,"w":0.8164674043655396},"size":9.69070816040039,"orthographic":false}