{"cameraMode":{"drawMode":0,"name":"Shaded","section":"Shading Mode"},"sceneLighting":false,"audioPlay":false,"sceneViewState":{"showFog":true,"showMaterialUpdate":true,"showSkybox":true,"showFlares":true,"showImageEffects":true,"showParticleSystems":true},"in2DMode":false,"pivot":{"x":0.6343228816986084,"y":-1.479386806488037,"z":-3.8569905757904054},"rotation":{"x":-0.17863498628139497,"y":-0.7682574391365051,"z":0.2429478019475937,"w":-0.5647247433662415},"size":6.878774642944336,"orthographic":false}