{"cameraMode":{"drawMode":0,"name":"Shaded","section":"Shading Mode"},"sceneLighting":true,"audioPlay":false,"sceneViewState":{"showFog":true,"showMaterialUpdate":true,"showSkybox":true,"showFlares":true,"showImageEffects":true,"showParticleSystems":true},"in2DMode":false,"pivot":{"x":-8.004220008850098,"y":-0.20728743076324464,"z":2.9230539798736574},"rotation":{"x":0.16884049773216248,"y":0.422794371843338,"z":-0.07977814972400665,"w":0.8869673013687134},"size":9.055588722229004,"orthographic":false}