{"cameraMode":{"drawMode":0,"name":"Shaded","section":"Shading Mode"},"sceneLighting":true,"audioPlay":false,"sceneViewState":{"showFog":true,"showMaterialUpdate":true,"showSkybox":true,"showFlares":true,"showImageEffects":true,"showParticleSystems":true},"in2DMode":false,"pivot":{"x":-0.15112876892089845,"y":0.7026400566101074,"z":0.7856266498565674},"rotation":{"x":-0.11282198131084442,"y":-0.5726827383041382,"z":0.07929078489542008,"w":-0.8083537220954895},"size":19.33799171447754,"orthographic":false}