{"cameraMode":{"drawMode":0,"name":"Shaded","section":"Shading Mode"},"sceneLighting":true,"audioPlay":false,"sceneViewState":{"showFog":true,"showMaterialUpdate":true,"showSkybox":true,"showFlares":true,"showImageEffects":true,"showParticleSystems":true},"in2DMode":false,"pivot":{"x":-10.297065734863282,"y":1.6650989055633546,"z":4.831470489501953},"rotation":{"x":0.000351399154169485,"y":0.07864078134298325,"z":0.0005286748055368662,"w":0.997094988822937},"size":4.818231582641602,"orthographic":false}