{"cameraMode":{"drawMode":0,"name":"Shaded","section":"Shading Mode"},"sceneLighting":true,"audioPlay":false,"sceneViewState":{"showFog":true,"showMaterialUpdate":true,"showSkybox":true,"showFlares":true,"showImageEffects":true,"showParticleSystems":true},"in2DMode":false,"pivot":{"x":-14.682893753051758,"y":1.464647889137268,"z":0.1910109519958496},"rotation":{"x":0.1488959789276123,"y":-0.6392850875854492,"z":0.1290653944015503,"w":0.7435318231582642},"size":3.5138940811157228,"orthographic":false}