{"cameraMode":{"drawMode":0,"name":"Shaded","section":"Shading Mode"},"sceneLighting":false,"audioPlay":false,"sceneViewState":{"showFog":true,"showMaterialUpdate":true,"showSkybox":true,"showFlares":true,"showImageEffects":true,"showParticleSystems":true},"in2DMode":false,"pivot":{"x":9.869999885559082,"y":0.7300000190734863,"z":0.0},"rotation":{"x":0.18058331310749055,"y":0.5117725729942322,"z":-0.11056704819202423,"w":0.8328954577445984},"size":8.950669288635254,"orthographic":false}